{"cameraMode":{"drawMode":0,"name":"Shaded","section":"Shading Mode"},"sceneLighting":true,"audioPlay":false,"sceneViewState":{"m_AlwaysRefresh":false,"showFog":true,"showSkybox":true,"showFlares":true,"showImageEffects":true,"showParticleSystems":true,"showVisualEffectGraphs":true,"m_FxEnabled":true},"in2DMode":false,"pivot":{"x":0.9404598474502564,"y":0.9487261772155762,"z":-2.710160732269287},"rotation":{"x":0.18231534957885743,"y":0.8023164868354797,"z":-0.3050495386123657,"w":0.47961947321891787},"size":1.3485311269760132,"orthographic":false}