{"cameraMode":{"drawMode":0,"name":"Shaded","section":"Shading Mode"},"sceneLighting":true,"audioPlay":false,"sceneViewState":{"m_AlwaysRefresh":false,"showFog":true,"showSkybox":true,"showFlares":true,"showImageEffects":true,"showParticleSystems":true,"showVisualEffectGraphs":true,"m_FxEnabled":true},"in2DMode":false,"pivot":{"x":-0.31556931138038638,"y":0.061919212341308597,"z":0.7906332015991211},"rotation":{"x":-0.5195123553276062,"y":-0.009484803304076195,"z":0.005769788753241301,"w":-0.854404866695404},"size":5.233373165130615,"orthographic":false}