{"cameraMode":{"drawMode":0,"name":"Shaded","section":"Shading Mode"},"sceneLighting":true,"audioPlay":false,"sceneViewState":{"m_AlwaysRefresh":false,"showFog":true,"showSkybox":true,"showFlares":true,"showImageEffects":true,"showParticleSystems":true,"showVisualEffectGraphs":true,"m_FxEnabled":true},"in2DMode":false,"pivot":{"x":-1.6377531290054322,"y":-1.3033177852630616,"z":-0.06148529052734375},"rotation":{"x":0.13932377099990846,"y":-0.8283729553222656,"z":0.4884849190711975,"w":0.23622718453407288},"size":4.437896251678467,"orthographic":false}